estacion,duracion_min,Tr_anios,I_oficial_mmh,I_plataforma_mmh
MOGOTES_-_AUT_24025090,10,2,105.11,112.8
MOGOTES_-_AUT_24025090,20,2,71.79,94.5
MOGOTES_-_AUT_24025090,30,2,57.44,82.0
MOGOTES_-_AUT_24025090,60,2,39.23,53.1
MOGOTES_-_AUT_24025090,120,2,26.8,30.6
MOGOTES_-_AUT_24025090,180,2,21.44,21.2
MOGOTES_-_AUT_24025090,360,2,14.64,11.4
MOGOTES_-_AUT_24025090,10,5,128.59,133.8
MOGOTES_-_AUT_24025090,20,5,87.83,109.5
MOGOTES_-_AUT_24025090,30,5,70.27,90.6
MOGOTES_-_AUT_24025090,60,5,48.0,60.6
MOGOTES_-_AUT_24025090,120,5,32.78,35.4
MOGOTES_-_AUT_24025090,180,5,26.23,25.4
MOGOTES_-_AUT_24025090,360,5,17.92,14.1
MOGOTES_-_AUT_24025090,10,10,149.77,147.0
MOGOTES_-_AUT_24025090,20,10,102.3,119.7
MOGOTES_-_AUT_24025090,30,10,81.85,94.6
MOGOTES_-_AUT_24025090,60,10,55.9,65.6
MOGOTES_-_AUT_24025090,120,10,38.18,38.6
MOGOTES_-_AUT_24025090,180,10,30.55,28.2
MOGOTES_-_AUT_24025090,360,10,20.87,15.9
MOGOTES_-_AUT_24025090,10,25,183.22,164.4
MOGOTES_-_AUT_24025090,20,25,125.14,132.3
MOGOTES_-_AUT_24025090,30,25,100.13,98.2
MOGOTES_-_AUT_24025090,60,25,68.39,71.8
MOGOTES_-_AUT_24025090,120,25,46.71,42.7
MOGOTES_-_AUT_24025090,180,25,37.37,31.7
MOGOTES_-_AUT_24025090,360,25,25.53,18.1
MOGOTES_-_AUT_24025090,10,50,213.4,177.6
MOGOTES_-_AUT_24025090,20,50,145.76,141.6
MOGOTES_-_AUT_24025090,30,50,116.62,100.2
MOGOTES_-_AUT_24025090,60,50,79.65,76.5
MOGOTES_-_AUT_24025090,120,50,54.41,45.7
MOGOTES_-_AUT_24025090,180,50,43.53,34.3
MOGOTES_-_AUT_24025090,360,50,29.73,19.8
MOGOTES_-_AUT_24025090,10,100,248.55,190.2
MOGOTES_-_AUT_24025090,20,100,169.77,150.9
MOGOTES_-_AUT_24025090,30,100,135.83,101.6
MOGOTES_-_AUT_24025090,60,100,92.78,81.1
MOGOTES_-_AUT_24025090,120,100,63.37,48.7
MOGOTES_-_AUT_24025090,180,100,50.7,36.9
MOGOTES_-_AUT_24025090,360,100,34.63,21.4
CAJAMARCA_-_AUT_21215190,10,2,71.88,60.6
CAJAMARCA_-_AUT_21215190,20,2,46.13,41.7
CAJAMARCA_-_AUT_21215190,30,2,35.58,32.0
CAJAMARCA_-_AUT_21215190,60,2,22.84,21.7
CAJAMARCA_-_AUT_21215190,120,2,14.65,13.3
CAJAMARCA_-_AUT_21215190,180,2,11.3,10.1
CAJAMARCA_-_AUT_21215190,360,2,7.25,5.7
CAJAMARCA_-_AUT_21215190,10,5,89.56,82.8
CAJAMARCA_-_AUT_21215190,20,5,57.47,56.4
CAJAMARCA_-_AUT_21215190,30,5,44.34,44.0
CAJAMARCA_-_AUT_21215190,60,5,28.45,28.6
CAJAMARCA_-_AUT_21215190,120,5,18.26,17.6
CAJAMARCA_-_AUT_21215190,180,5,14.08,12.7
CAJAMARCA_-_AUT_21215190,360,5,9.04,6.8
CAJAMARCA_-_AUT_21215190,10,10,105.77,97.2
CAJAMARCA_-_AUT_21215190,20,10,67.88,65.7
CAJAMARCA_-_AUT_21215190,30,10,52.36,52.0
CAJAMARCA_-_AUT_21215190,60,10,33.6,33.2
CAJAMARCA_-_AUT_21215190,120,10,21.56,20.5
CAJAMARCA_-_AUT_21215190,180,10,16.63,14.0
CAJAMARCA_-_AUT_21215190,360,10,10.67,7.2
CAJAMARCA_-_AUT_21215190,10,25,131.79,115.8
CAJAMARCA_-_AUT_21215190,20,25,84.57,78.0
CAJAMARCA_-_AUT_21215190,30,25,65.24,62.0
CAJAMARCA_-_AUT_21215190,60,25,41.87,39.1
CAJAMARCA_-_AUT_21215190,120,25,26.87,24.1
CAJAMARCA_-_AUT_21215190,180,25,20.73,15.4
CAJAMARCA_-_AUT_21215190,360,25,13.3,7.6
CAJAMARCA_-_AUT_21215190,10,50,155.64,129.0
CAJAMARCA_-_AUT_21215190,20,50,99.88,87.0
CAJAMARCA_-_AUT_21215190,30,50,77.05,69.6
CAJAMARCA_-_AUT_21215190,60,50,49.44,43.4
CAJAMARCA_-_AUT_21215190,120,50,31.73,26.8
CAJAMARCA_-_AUT_21215190,180,50,24.48,16.2
CAJAMARCA_-_AUT_21215190,360,50,15.71,7.8
CAJAMARCA_-_AUT_21215190,10,100,183.81,142.8
CAJAMARCA_-_AUT_21215190,20,100,117.95,95.7
CAJAMARCA_-_AUT_21215190,30,100,91.0,77.0
CAJAMARCA_-_AUT_21215190,60,100,58.39,47.7
CAJAMARCA_-_AUT_21215190,120,100,37.47,29.4
CAJAMARCA_-_AUT_21215190,180,100,28.91,16.9
CAJAMARCA_-_AUT_21215190,360,100,18.55,7.9
MURILLO_-_AUT_21255170,10,2,56.66,73.2
MURILLO_-_AUT_21255170,20,2,39.79,49.2
MURILLO_-_AUT_21255170,30,2,32.36,40.6
MURILLO_-_AUT_21255170,60,2,22.72,26.5
MURILLO_-_AUT_21255170,120,2,15.95,17.4
MURILLO_-_AUT_21255170,180,2,12.97,13.1
MURILLO_-_AUT_21255170,360,2,9.11,7.3
MURILLO_-_AUT_21255170,10,5,73.91,120.6
MURILLO_-_AUT_21255170,20,5,51.9,78.0
MURILLO_-_AUT_21255170,30,5,42.2,61.0
MURILLO_-_AUT_21255170,60,5,29.64,38.4
MURILLO_-_AUT_21255170,120,5,20.81,24.9
MURILLO_-_AUT_21255170,180,5,16.92,19.6
MURILLO_-_AUT_21255170,360,5,11.88,12.1
MURILLO_-_AUT_21255170,10,10,90.36,151.2
MURILLO_-_AUT_21255170,20,10,63.45,102.3
MURILLO_-_AUT_21255170,30,10,51.6,74.6
MURILLO_-_AUT_21255170,60,10,36.23,46.3
MURILLO_-_AUT_21255170,120,10,25.44,29.9
MURILLO_-_AUT_21255170,180,10,20.69,23.9
MURILLO_-_AUT_21255170,360,10,14.53,16.0
MURILLO_-_AUT_21255170,10,25,117.86,190.8
MURILLO_-_AUT_21255170,20,25,82.77,139.8
MURILLO_-_AUT_21255170,30,25,67.3,91.6
MURILLO_-_AUT_21255170,60,25,47.26,56.3
MURILLO_-_AUT_21255170,120,25,33.19,36.3
MURILLO_-_AUT_21255170,180,25,26.99,29.4
MURILLO_-_AUT_21255170,360,25,18.95,22.0
MURILLO_-_AUT_21255170,10,50,144.1,219.6
MURILLO_-_AUT_21255170,20,50,101.19,173.4
MURILLO_-_AUT_21255170,30,50,82.29,104.2
MURILLO_-_AUT_21255170,60,50,57.79,63.7
MURILLO_-_AUT_21255170,120,50,40.58,41.0
MURILLO_-_AUT_21255170,180,50,33.0,33.4
MURILLO_-_AUT_21255170,360,50,23.17,27.2
MURILLO_-_AUT_21255170,10,100,176.19,249.0
MURILLO_-_AUT_21255170,20,100,123.72,212.4
MURILLO_-_AUT_21255170,30,100,100.61,116.8
MURILLO_-_AUT_21255170,60,100,70.65,71.1
MURILLO_-_AUT_21255170,120,100,49.61,45.6
MURILLO_-_AUT_21255170,180,100,40.34,37.5
MURILLO_-_AUT_21255170,360,100,28.33,33.1
VILLA_TERESA_-_AUT_21206920,10,2,42.74,30.0
VILLA_TERESA_-_AUT_21206920,20,2,28.79,23.7
VILLA_TERESA_-_AUT_21206920,30,2,22.85,19.0
VILLA_TERESA_-_AUT_21206920,60,2,15.39,14.1
VILLA_TERESA_-_AUT_21206920,120,2,10.37,8.2
VILLA_TERESA_-_AUT_21206920,180,2,8.23,6.1
VILLA_TERESA_-_AUT_21206920,360,2,5.54,3.7
VILLA_TERESA_-_AUT_21206920,10,5,54.74,46.8
VILLA_TERESA_-_AUT_21206920,20,5,36.87,34.5
VILLA_TERESA_-_AUT_21206920,30,5,29.26,27.2
VILLA_TERESA_-_AUT_21206920,60,5,19.71,19.0
VILLA_TERESA_-_AUT_21206920,120,5,13.28,11.3
VILLA_TERESA_-_AUT_21206920,180,5,10.54,8.3
VILLA_TERESA_-_AUT_21206920,360,5,7.1,5.5
VILLA_TERESA_-_AUT_21206920,10,10,66.0,64.2
VILLA_TERESA_-_AUT_21206920,20,10,44.46,43.5
VILLA_TERESA_-_AUT_21206920,30,10,35.29,34.8
VILLA_TERESA_-_AUT_21206920,60,10,23.77,22.3
VILLA_TERESA_-_AUT_21206920,120,10,16.01,14.0
VILLA_TERESA_-_AUT_21206920,180,10,12.71,10.4
VILLA_TERESA_-_AUT_21206920,360,10,8.56,7.3
VILLA_TERESA_-_AUT_21206920,10,25,84.53,97.8
VILLA_TERESA_-_AUT_21206920,20,25,56.94,57.3
VILLA_TERESA_-_AUT_21206920,30,25,45.19,47.6
VILLA_TERESA_-_AUT_21206920,60,25,30.44,26.4
VILLA_TERESA_-_AUT_21206920,120,25,20.51,18.0
VILLA_TERESA_-_AUT_21206920,180,25,16.27,14.1
VILLA_TERESA_-_AUT_21206920,360,25,10.96,10.3
VILLA_TERESA_-_AUT_21206920,10,50,101.92,133.8
VILLA_TERESA_-_AUT_21206920,20,50,68.66,70.2
VILLA_TERESA_-_AUT_21206920,30,50,54.49,60.4
VILLA_TERESA_-_AUT_21206920,60,50,36.71,29.5
VILLA_TERESA_-_AUT_21206920,120,50,24.73,21.5
VILLA_TERESA_-_AUT_21206920,180,50,19.62,18.0
VILLA_TERESA_-_AUT_21206920,360,50,13.22,13.3
VILLA_TERESA_-_AUT_21206920,10,100,122.9,183.6
VILLA_TERESA_-_AUT_21206920,20,100,82.79,84.9
VILLA_TERESA_-_AUT_21206920,30,100,65.7,76.6
VILLA_TERESA_-_AUT_21206920,60,100,44.26,32.5
VILLA_TERESA_-_AUT_21206920,120,100,29.81,25.6
VILLA_TERESA_-_AUT_21206920,180,100,23.66,23.1
VILLA_TERESA_-_AUT_21206920,360,100,15.94,17.1
HACIENDA_SANTA_ANA_-_AUT_21206790,10,2,57.69,61.2
HACIENDA_SANTA_ANA_-_AUT_21206790,20,2,39.4,46.2
HACIENDA_SANTA_ANA_-_AUT_21206790,30,2,31.53,39.2
HACIENDA_SANTA_ANA_-_AUT_21206790,60,2,21.53,22.9
HACIENDA_SANTA_ANA_-_AUT_21206790,120,2,14.71,12.8
HACIENDA_SANTA_ANA_-_AUT_21206790,180,2,11.77,9.3
HACIENDA_SANTA_ANA_-_AUT_21206790,360,2,8.04,5.0
HACIENDA_SANTA_ANA_-_AUT_21206790,10,5,73.89,89.4
HACIENDA_SANTA_ANA_-_AUT_21206790,20,5,50.47,58.2
HACIENDA_SANTA_ANA_-_AUT_21206790,30,5,40.38,45.6
HACIENDA_SANTA_ANA_-_AUT_21206790,60,5,27.58,28.5
HACIENDA_SANTA_ANA_-_AUT_21206790,120,5,18.84,16.9
HACIENDA_SANTA_ANA_-_AUT_21206790,180,5,15.07,12.0
HACIENDA_SANTA_ANA_-_AUT_21206790,360,5,10.29,6.2
HACIENDA_SANTA_ANA_-_AUT_21206790,10,10,89.09,114.6
HACIENDA_SANTA_ANA_-_AUT_21206790,20,10,60.85,66.0
HACIENDA_SANTA_ANA_-_AUT_21206790,30,10,48.69,48.4
HACIENDA_SANTA_ANA_-_AUT_21206790,60,10,33.25,32.3
HACIENDA_SANTA_ANA_-_AUT_21206790,120,10,22.71,19.6
HACIENDA_SANTA_ANA_-_AUT_21206790,180,10,18.17,13.8
HACIENDA_SANTA_ANA_-_AUT_21206790,360,10,12.41,7.0
HACIENDA_SANTA_ANA_-_AUT_21206790,10,25,114.1,158.4
HACIENDA_SANTA_ANA_-_AUT_21206790,20,25,77.93,75.9
HACIENDA_SANTA_ANA_-_AUT_21206790,30,25,62.35,50.6
HACIENDA_SANTA_ANA_-_AUT_21206790,60,25,42.59,37.0
HACIENDA_SANTA_ANA_-_AUT_21206790,120,25,29.09,23.1
HACIENDA_SANTA_ANA_-_AUT_21206790,180,25,23.27,16.1
HACIENDA_SANTA_ANA_-_AUT_21206790,360,25,15.9,8.1
HACIENDA_SANTA_ANA_-_AUT_21206790,10,50,137.58,201.0
HACIENDA_SANTA_ANA_-_AUT_21206790,20,50,93.97,83.4
HACIENDA_SANTA_ANA_-_AUT_21206790,30,50,75.19,51.6
HACIENDA_SANTA_ANA_-_AUT_21206790,60,50,51.35,40.5
HACIENDA_SANTA_ANA_-_AUT_21206790,120,50,35.08,25.6
HACIENDA_SANTA_ANA_-_AUT_21206790,180,50,28.06,17.8
HACIENDA_SANTA_ANA_-_AUT_21206790,360,50,19.17,8.8
HACIENDA_SANTA_ANA_-_AUT_21206790,10,100,165.9,255.0
HACIENDA_SANTA_ANA_-_AUT_21206790,20,100,113.31,90.9
HACIENDA_SANTA_ANA_-_AUT_21206790,30,100,90.66,52.4
HACIENDA_SANTA_ANA_-_AUT_21206790,60,100,61.92,44.0
HACIENDA_SANTA_ANA_-_AUT_21206790,120,100,42.29,28.1
HACIENDA_SANTA_ANA_-_AUT_21206790,180,100,33.84,19.5
HACIENDA_SANTA_ANA_-_AUT_21206790,360,100,23.11,9.6
LA_MORA_-_AUT_21167080,10,2,108.91,115.8
LA_MORA_-_AUT_21167080,20,2,73.87,87.3
LA_MORA_-_AUT_21167080,30,2,58.87,77.4
LA_MORA_-_AUT_21167080,60,2,39.93,57.7
LA_MORA_-_AUT_21167080,120,2,27.08,34.2
LA_MORA_-_AUT_21167080,180,2,21.58,24.4
LA_MORA_-_AUT_21167080,360,2,14.64,12.5
LA_MORA_-_AUT_21167080,10,5,136.95,167.4
LA_MORA_-_AUT_21167080,20,5,92.89,128.4
LA_MORA_-_AUT_21167080,30,5,74.02,120.2
LA_MORA_-_AUT_21167080,60,5,50.21,90.6
LA_MORA_-_AUT_21167080,120,5,34.06,51.5
LA_MORA_-_AUT_21167080,180,5,27.14,36.6
LA_MORA_-_AUT_21167080,360,5,18.41,15.5
LA_MORA_-_AUT_21167080,10,10,162.86,172.8
LA_MORA_-_AUT_21167080,20,10,110.47,132.0
LA_MORA_-_AUT_21167080,30,10,88.03,125.0
LA_MORA_-_AUT_21167080,60,10,59.71,94.0
LA_MORA_-_AUT_21167080,120,10,40.5,52.8
LA_MORA_-_AUT_21167080,180,10,32.27,37.5
LA_MORA_-_AUT_21167080,360,10,21.89,16.5
LA_MORA_-_AUT_21167080,10,25,204.78,173.4
LA_MORA_-_AUT_21167080,20,25,138.9,132.6
LA_MORA_-_AUT_21167080,30,25,110.69,125.4
LA_MORA_-_AUT_21167080,60,25,75.08,94.4
LA_MORA_-_AUT_21167080,120,25,50.93,53.3
LA_MORA_-_AUT_21167080,180,25,40.58,37.9
LA_MORA_-_AUT_21167080,360,25,27.53,17.1
LA_MORA_-_AUT_21167080,10,50,243.53,177.0
LA_MORA_-_AUT_21167080,20,50,165.18,136.5
LA_MORA_-_AUT_21167080,30,50,131.63,128.2
LA_MORA_-_AUT_21167080,60,50,89.29,97.0
LA_MORA_-_AUT_21167080,120,50,60.56,55.8
LA_MORA_-_AUT_21167080,180,50,48.26,39.8
LA_MORA_-_AUT_21167080,360,50,32.74,17.3
LA_MORA_-_AUT_21167080,10,100,289.6,187.2
LA_MORA_-_AUT_21167080,20,100,196.44,145.8
LA_MORA_-_AUT_21167080,30,100,156.54,135.4
LA_MORA_-_AUT_21167080,60,100,106.18,103.6
LA_MORA_-_AUT_21167080,120,100,72.02,61.2
LA_MORA_-_AUT_21167080,180,100,57.39,43.9
LA_MORA_-_AUT_21167080,360,100,38.93,17.4
CANTERAS_-_AUT_23087210,10,2,131.98,84.6
CANTERAS_-_AUT_23087210,20,2,89.53,69.9
CANTERAS_-_AUT_23087210,30,2,71.34,60.0
CANTERAS_-_AUT_23087210,60,2,48.39,41.6
CANTERAS_-_AUT_23087210,120,2,32.82,25.2
CANTERAS_-_AUT_23087210,180,2,26.16,17.7
CANTERAS_-_AUT_23087210,360,2,17.74,9.1
CANTERAS_-_AUT_23087210,10,5,161.46,137.4
CANTERAS_-_AUT_23087210,20,5,109.52,114.9
CANTERAS_-_AUT_23087210,30,5,87.27,101.0
CANTERAS_-_AUT_23087210,60,5,59.2,69.3
CANTERAS_-_AUT_23087210,120,5,40.15,45.1
CANTERAS_-_AUT_23087210,180,5,32.0,32.6
CANTERAS_-_AUT_23087210,360,5,21.7,16.8
CANTERAS_-_AUT_23087210,10,10,188.06,172.8
CANTERAS_-_AUT_23087210,20,10,127.56,144.6
CANTERAS_-_AUT_23087210,30,10,101.65,128.2
CANTERAS_-_AUT_23087210,60,10,68.95,87.6
CANTERAS_-_AUT_23087210,120,10,46.77,58.4
CANTERAS_-_AUT_23087210,180,10,37.27,42.4
CANTERAS_-_AUT_23087210,360,10,25.28,21.9
CANTERAS_-_AUT_23087210,10,25,230.06,217.2
CANTERAS_-_AUT_23087210,20,25,156.05,182.4
CANTERAS_-_AUT_23087210,30,25,124.35,162.6
CANTERAS_-_AUT_23087210,60,25,84.35,110.8
CANTERAS_-_AUT_23087210,120,25,57.21,75.0
CANTERAS_-_AUT_23087210,180,25,45.59,54.9
CANTERAS_-_AUT_23087210,360,25,30.93,28.3
CANTERAS_-_AUT_23087210,10,50,267.96,250.2
CANTERAS_-_AUT_23087210,20,50,181.76,210.3
CANTERAS_-_AUT_23087210,30,50,144.84,188.0
CANTERAS_-_AUT_23087210,60,50,98.24,128.0
CANTERAS_-_AUT_23087210,120,50,66.64,87.4
CANTERAS_-_AUT_23087210,180,50,53.1,64.1
CANTERAS_-_AUT_23087210,360,50,36.02,33.1
CANTERAS_-_AUT_23087210,10,100,312.1,282.6
CANTERAS_-_AUT_23087210,20,100,211.7,237.9
CANTERAS_-_AUT_23087210,30,100,168.7,213.2
CANTERAS_-_AUT_23087210,60,100,114.43,145.1
CANTERAS_-_AUT_23087210,120,100,77.62,99.7
CANTERAS_-_AUT_23087210,180,100,61.85,73.3
CANTERAS_-_AUT_23087210,360,100,41.95,37.8
IDEAM_BOGOTA_-_AUT_21206960,10,2,67.05,68.4
IDEAM_BOGOTA_-_AUT_21206960,20,2,46.11,59.1
IDEAM_BOGOTA_-_AUT_21206960,30,2,37.05,49.8
IDEAM_BOGOTA_-_AUT_21206960,60,2,25.48,25.8
IDEAM_BOGOTA_-_AUT_21206960,120,2,17.52,14.6
IDEAM_BOGOTA_-_AUT_21206960,180,2,14.08,9.4
IDEAM_BOGOTA_-_AUT_21206960,360,2,9.68,5.1
IDEAM_BOGOTA_-_AUT_21206960,10,5,81.28,90.6
IDEAM_BOGOTA_-_AUT_21206960,20,5,55.9,69.9
IDEAM_BOGOTA_-_AUT_21206960,30,5,44.91,57.8
IDEAM_BOGOTA_-_AUT_21206960,60,5,30.89,31.3
IDEAM_BOGOTA_-_AUT_21206960,120,5,21.24,17.8
IDEAM_BOGOTA_-_AUT_21206960,180,5,17.07,11.7
IDEAM_BOGOTA_-_AUT_21206960,360,5,11.74,6.5
IDEAM_BOGOTA_-_AUT_21206960,10,10,94.01,105.0
IDEAM_BOGOTA_-_AUT_21206960,20,10,64.66,74.4
IDEAM_BOGOTA_-_AUT_21206960,30,10,51.94,60.4
IDEAM_BOGOTA_-_AUT_21206960,60,10,35.73,34.9
IDEAM_BOGOTA_-_AUT_21206960,120,10,24.57,19.2
IDEAM_BOGOTA_-_AUT_21206960,180,10,19.74,13.3
IDEAM_BOGOTA_-_AUT_21206960,360,10,13.58,7.4
IDEAM_BOGOTA_-_AUT_21206960,10,25,113.96,123.6
IDEAM_BOGOTA_-_AUT_21206960,20,25,78.38,78.0
IDEAM_BOGOTA_-_AUT_21206960,30,25,62.96,62.0
IDEAM_BOGOTA_-_AUT_21206960,60,25,43.31,39.5
IDEAM_BOGOTA_-_AUT_21206960,120,25,29.78,20.6
IDEAM_BOGOTA_-_AUT_21206960,180,25,23.93,15.3
IDEAM_BOGOTA_-_AUT_21206960,360,25,16.46,8.5
IDEAM_BOGOTA_-_AUT_21206960,10,50,131.81,137.4
IDEAM_BOGOTA_-_AUT_21206960,20,50,90.66,79.8
IDEAM_BOGOTA_-_AUT_21206960,30,50,72.83,62.6
IDEAM_BOGOTA_-_AUT_21206960,60,50,50.09,42.9
IDEAM_BOGOTA_-_AUT_21206960,120,50,34.45,21.4
IDEAM_BOGOTA_-_AUT_21206960,180,50,27.68,16.7
IDEAM_BOGOTA_-_AUT_21206960,360,50,19.04,9.4
IDEAM_BOGOTA_-_AUT_21206960,10,100,152.47,151.2
IDEAM_BOGOTA_-_AUT_21206960,20,100,104.86,81.0
IDEAM_BOGOTA_-_AUT_21206960,30,100,84.24,62.8
IDEAM_BOGOTA_-_AUT_21206960,60,100,57.94,46.3
IDEAM_BOGOTA_-_AUT_21206960,120,100,39.85,21.9
IDEAM_BOGOTA_-_AUT_21206960,180,100,32.01,18.2
IDEAM_BOGOTA_-_AUT_21206960,360,100,22.02,10.3
INZA_-_AUT_21055070,10,2,95.13,78.0
INZA_-_AUT_21055070,20,2,60.07,63.9
INZA_-_AUT_21055070,30,2,45.85,55.8
INZA_-_AUT_21055070,60,2,28.86,36.3
INZA_-_AUT_21055070,10,5,116.37,90.6
INZA_-_AUT_21055070,20,5,73.48,78.0
INZA_-_AUT_21055070,30,5,56.09,67.8
INZA_-_AUT_21055070,60,5,35.31,45.3
INZA_-_AUT_21055070,10,10,135.54,93.0
INZA_-_AUT_21055070,20,10,85.59,81.6
INZA_-_AUT_21055070,30,10,65.33,70.8
INZA_-_AUT_21055070,60,10,41.12,47.7
INZA_-_AUT_21055070,10,25,165.82,94.2
INZA_-_AUT_21055070,20,25,104.7,83.7
INZA_-_AUT_21055070,30,25,79.92,72.4
INZA_-_AUT_21055070,60,25,50.31,49.2
INZA_-_AUT_21055070,10,50,193.13,94.8
INZA_-_AUT_21055070,20,50,121.95,84.3
INZA_-_AUT_21055070,30,50,93.08,72.8
INZA_-_AUT_21055070,60,50,58.59,49.7
INZA_-_AUT_21055070,10,100,224.95,94.8
INZA_-_AUT_21055070,20,100,142.04,84.6
INZA_-_AUT_21055070,30,100,108.42,73.0
INZA_-_AUT_21055070,60,100,68.25,49.9
LA_PLATA_-_AUT_21115170,10,2,40.31,65.4
LA_PLATA_-_AUT_21115170,20,2,28.54,45.6
LA_PLATA_-_AUT_21115170,30,2,23.24,36.4
LA_PLATA_-_AUT_21115170,60,2,16.29,21.8
LA_PLATA_-_AUT_21115170,120,2,11.39,12.3
LA_PLATA_-_AUT_21115170,180,2,9.23,9.1
LA_PLATA_-_AUT_21115170,360,2,6.44,5.7
LA_PLATA_-_AUT_21115170,10,5,51.16,105.0
LA_PLATA_-_AUT_21115170,20,5,36.22,63.3
LA_PLATA_-_AUT_21115170,30,5,29.49,51.8
LA_PLATA_-_AUT_21115170,60,5,20.67,30.2
LA_PLATA_-_AUT_21115170,120,5,14.45,17.4
LA_PLATA_-_AUT_21115170,180,5,11.72,12.8
LA_PLATA_-_AUT_21115170,360,5,8.18,8.0
LA_PLATA_-_AUT_21115170,10,10,61.26,121.2
LA_PLATA_-_AUT_21115170,20,10,43.37,67.2
LA_PLATA_-_AUT_21115170,30,10,35.31,55.6
LA_PLATA_-_AUT_21115170,60,10,24.75,33.6
LA_PLATA_-_AUT_21115170,120,10,17.31,19.9
LA_PLATA_-_AUT_21115170,180,10,14.03,14.7
LA_PLATA_-_AUT_21115170,360,10,9.79,9.1
LA_PLATA_-_AUT_21115170,10,25,77.74,132.0
LA_PLATA_-_AUT_21115170,20,25,55.04,68.1
LA_PLATA_-_AUT_21115170,30,25,44.81,57.0
LA_PLATA_-_AUT_21115170,60,25,31.41,36.6
LA_PLATA_-_AUT_21115170,120,25,21.96,22.5
LA_PLATA_-_AUT_21115170,180,25,17.8,16.6
LA_PLATA_-_AUT_21115170,360,25,12.43,10.2
LA_PLATA_-_AUT_21115170,10,50,93.09,136.2
LA_PLATA_-_AUT_21115170,20,50,65.91,68.1
LA_PLATA_-_AUT_21115170,30,50,53.66,57.0
LA_PLATA_-_AUT_21115170,60,50,37.61,38.0
LA_PLATA_-_AUT_21115170,120,50,26.3,24.0
LA_PLATA_-_AUT_21115170,180,50,21.32,17.7
LA_PLATA_-_AUT_21115170,360,50,14.88,10.8
LA_PLATA_-_AUT_21115170,10,100,111.47,138.0
LA_PLATA_-_AUT_21115170,20,100,78.93,68.4
LA_PLATA_-_AUT_21115170,30,100,64.25,57.0
LA_PLATA_-_AUT_21115170,60,100,45.04,39.0
LA_PLATA_-_AUT_21115170,120,100,31.49,25.2
LA_PLATA_-_AUT_21115170,180,100,25.53,18.5
LA_PLATA_-_AUT_21115170,360,100,17.82,11.3
PUERTO_SALGAR_-_AUT_23037010,10,2,68.6,52.2
PUERTO_SALGAR_-_AUT_23037010,20,2,49.66,36.3
PUERTO_SALGAR_-_AUT_23037010,30,2,40.63,29.8
PUERTO_SALGAR_-_AUT_23037010,60,2,28.48,19.2
PUERTO_SALGAR_-_AUT_23037010,120,2,19.78,13.2
PUERTO_SALGAR_-_AUT_23037010,180,2,15.94,9.7
PUERTO_SALGAR_-_AUT_23037010,360,2,11.0,6.4
PUERTO_SALGAR_-_AUT_23037010,10,5,92.82,138.0
PUERTO_SALGAR_-_AUT_23037010,20,5,67.2,100.5
PUERTO_SALGAR_-_AUT_23037010,30,5,54.98,84.0
PUERTO_SALGAR_-_AUT_23037010,60,5,38.53,56.4
PUERTO_SALGAR_-_AUT_23037010,120,5,26.76,34.0
PUERTO_SALGAR_-_AUT_23037010,180,5,21.57,23.4
PUERTO_SALGAR_-_AUT_23037010,360,5,14.88,11.5
PUERTO_SALGAR_-_AUT_23037010,10,10,116.68,193.8
PUERTO_SALGAR_-_AUT_23037010,20,10,84.47,143.4
PUERTO_SALGAR_-_AUT_23037010,30,10,69.11,122.8
PUERTO_SALGAR_-_AUT_23037010,60,10,48.43,86.9
PUERTO_SALGAR_-_AUT_23037010,120,10,33.64,49.7
PUERTO_SALGAR_-_AUT_23037010,180,10,27.11,33.4
PUERTO_SALGAR_-_AUT_23037010,360,10,18.71,14.8
PUERTO_SALGAR_-_AUT_23037010,10,25,157.88,250.8
PUERTO_SALGAR_-_AUT_23037010,20,25,114.29,187.8
PUERTO_SALGAR_-_AUT_23037010,30,25,93.5,165.8
PUERTO_SALGAR_-_AUT_23037010,60,25,65.53,126.2
PUERTO_SALGAR_-_AUT_23037010,120,25,45.51,69.0
PUERTO_SALGAR_-_AUT_23037010,180,25,36.68,45.5
PUERTO_SALGAR_-_AUT_23037010,360,25,25.31,19.1
PUERTO_SALGAR_-_AUT_23037010,10,50,198.46,282.0
PUERTO_SALGAR_-_AUT_23037010,20,50,143.67,212.1
PUERTO_SALGAR_-_AUT_23037010,30,50,117.54,191.8
PUERTO_SALGAR_-_AUT_23037010,60,50,82.38,153.9
PUERTO_SALGAR_-_AUT_23037010,120,50,57.21,82.0
PUERTO_SALGAR_-_AUT_23037010,180,50,46.11,53.6
PUERTO_SALGAR_-_AUT_23037010,360,50,31.82,22.2
PUERTO_SALGAR_-_AUT_23037010,10,100,249.46,304.8
PUERTO_SALGAR_-_AUT_23037010,20,100,180.59,230.4
PUERTO_SALGAR_-_AUT_23037010,30,100,147.75,212.4
PUERTO_SALGAR_-_AUT_23037010,60,100,103.55,179.1
PUERTO_SALGAR_-_AUT_23037010,120,100,71.91,93.5
PUERTO_SALGAR_-_AUT_23037010,180,100,57.96,60.8
PUERTO_SALGAR_-_AUT_23037010,360,100,39.99,25.3
SAN_CAYETANO_-_AUT_23125170,10,2,85.01,63.6
SAN_CAYETANO_-_AUT_23125170,20,2,54.28,51.0
SAN_CAYETANO_-_AUT_23125170,60,2,25.96,27.0
SAN_CAYETANO_-_AUT_23125170,360,2,7.61,6.2
SAN_CAYETANO_-_AUT_23125170,10,5,103.05,100.2
SAN_CAYETANO_-_AUT_23125170,20,5,65.8,64.2
SAN_CAYETANO_-_AUT_23125170,60,5,31.47,33.1
SAN_CAYETANO_-_AUT_23125170,360,5,9.22,8.2
SAN_CAYETANO_-_AUT_23125170,10,10,119.19,121.8
SAN_CAYETANO_-_AUT_23125170,20,10,76.11,68.7
SAN_CAYETANO_-_AUT_23125170,60,10,36.4,34.8
SAN_CAYETANO_-_AUT_23125170,360,10,10.67,9.0
SAN_CAYETANO_-_AUT_23125170,10,25,144.48,147.6
SAN_CAYETANO_-_AUT_23125170,20,25,92.26,71.4
SAN_CAYETANO_-_AUT_23125170,60,25,44.13,35.8
SAN_CAYETANO_-_AUT_23125170,360,25,12.93,9.6
SAN_CAYETANO_-_AUT_23125170,10,50,167.12,165.0
SAN_CAYETANO_-_AUT_23125170,20,50,106.71,72.6
SAN_CAYETANO_-_AUT_23125170,60,50,51.04,36.2
SAN_CAYETANO_-_AUT_23125170,360,50,14.96,9.8
SAN_CAYETANO_-_AUT_23125170,10,100,193.31,181.2
SAN_CAYETANO_-_AUT_23125170,20,100,123.43,73.2
SAN_CAYETANO_-_AUT_23125170,60,100,59.04,36.4
SAN_CAYETANO_-_AUT_23125170,360,100,17.3,10.0
MARENGO_-_AUT_21015060,10,2,86.83,70.2
MARENGO_-_AUT_21015060,20,2,53.45,55.2
MARENGO_-_AUT_21015060,30,2,40.24,48.8
MARENGO_-_AUT_21015060,60,2,24.77,26.6
MARENGO_-_AUT_21015060,120,2,15.25,15.1
MARENGO_-_AUT_21015060,180,2,11.48,10.8
MARENGO_-_AUT_21015060,360,2,7.07,6.4
MARENGO_-_AUT_21015060,10,5,106.22,95.4
MARENGO_-_AUT_21015060,20,5,65.39,70.8
MARENGO_-_AUT_21015060,30,5,49.23,60.8
MARENGO_-_AUT_21015060,60,5,30.3,35.8
MARENGO_-_AUT_21015060,120,5,18.65,19.6
MARENGO_-_AUT_21015060,180,5,14.05,13.8
MARENGO_-_AUT_21015060,360,5,8.65,7.9
MARENGO_-_AUT_21015060,10,10,123.72,112.2
MARENGO_-_AUT_21015060,20,10,76.16,81.0
MARENGO_-_AUT_21015060,30,10,57.34,65.8
MARENGO_-_AUT_21015060,60,10,35.3,41.9
MARENGO_-_AUT_21015060,120,10,21.73,22.6
MARENGO_-_AUT_21015060,180,10,16.36,15.8
MARENGO_-_AUT_21015060,360,10,10.07,8.6
MARENGO_-_AUT_21015060,10,25,151.35,133.2
MARENGO_-_AUT_21015060,20,25,93.17,93.9
MARENGO_-_AUT_21015060,30,25,70.15,70.0
MARENGO_-_AUT_21015060,60,25,43.18,49.6
MARENGO_-_AUT_21015060,120,25,26.58,26.3
MARENGO_-_AUT_21015060,180,25,20.01,18.3
MARENGO_-_AUT_21015060,360,25,12.32,9.3
MARENGO_-_AUT_21015060,10,50,176.28,148.8
MARENGO_-_AUT_21015060,20,50,108.52,103.5
MARENGO_-_AUT_21015060,30,50,81.7,72.2
MARENGO_-_AUT_21015060,60,50,50.29,55.3
MARENGO_-_AUT_21015060,120,50,30.96,29.1
MARENGO_-_AUT_21015060,180,50,23.31,20.2
MARENGO_-_AUT_21015060,360,50,14.35,9.7
MARENGO_-_AUT_21015060,10,100,205.32,164.4
MARENGO_-_AUT_21015060,20,100,126.39,113.1
MARENGO_-_AUT_21015060,30,100,95.16,73.6
MARENGO_-_AUT_21015060,60,100,58.58,61.0
MARENGO_-_AUT_21015060,120,100,36.06,31.9
MARENGO_-_AUT_21015060,180,100,27.15,22.0
MARENGO_-_AUT_21015060,360,100,16.71,10.0
PURACE_-_AUT_21015050,10,2,60.86,73.2
PURACE_-_AUT_21015050,60,2,26.32,36.8
PURACE_-_AUT_21015050,120,2,18.13,20.2
PURACE_-_AUT_21015050,180,2,14.5,14.6
PURACE_-_AUT_21015050,360,2,9.84,9.1
PURACE_-_AUT_21015050,10,5,74.46,96.6
PURACE_-_AUT_21015050,60,5,32.2,48.0
PURACE_-_AUT_21015050,120,5,22.18,30.4
PURACE_-_AUT_21015050,180,5,17.73,21.8
PURACE_-_AUT_21015050,360,5,12.04,12.3
PURACE_-_AUT_21015050,10,10,86.72,106.2
PURACE_-_AUT_21015050,60,10,37.51,51.8
PURACE_-_AUT_21015050,120,10,25.83,35.8
PURACE_-_AUT_21015050,180,10,20.65,25.5
PURACE_-_AUT_21015050,360,10,14.02,13.7
PURACE_-_AUT_21015050,10,25,106.09,114.6
PURACE_-_AUT_21015050,60,25,45.88,54.6
PURACE_-_AUT_21015050,120,25,31.6,41.5
PURACE_-_AUT_21015050,180,25,25.27,29.5
PURACE_-_AUT_21015050,360,25,17.15,14.8
PURACE_-_AUT_21015050,10,50,123.57,118.2
PURACE_-_AUT_21015050,60,50,53.44,55.8
PURACE_-_AUT_21015050,120,50,36.8,45.0
PURACE_-_AUT_21015050,180,50,29.43,31.9
PURACE_-_AUT_21015050,360,50,19.98,15.3
PURACE_-_AUT_21015050,10,100,143.92,121.2
PURACE_-_AUT_21015050,60,100,62.25,56.6
PURACE_-_AUT_21015050,120,100,42.86,48.0
PURACE_-_AUT_21015050,180,100,34.28,33.9
PURACE_-_AUT_21015050,360,100,23.27,15.7
NATAIMA_-_AUT_21185090,10,2,100.39,39.6
NATAIMA_-_AUT_21185090,20,2,68.57,29.4
NATAIMA_-_AUT_21185090,30,2,54.86,23.8
NATAIMA_-_AUT_21185090,60,2,37.47,14.7
NATAIMA_-_AUT_21185090,120,2,25.59,8.9
NATAIMA_-_AUT_21185090,180,2,20.48,6.3
NATAIMA_-_AUT_21185090,360,2,13.99,3.2
NATAIMA_-_AUT_21185090,10,5,130.94,109.8
NATAIMA_-_AUT_21185090,20,5,89.44,92.4
NATAIMA_-_AUT_21185090,30,5,71.56,80.0
NATAIMA_-_AUT_21185090,60,5,48.88,53.2
NATAIMA_-_AUT_21185090,120,5,33.38,33.4
NATAIMA_-_AUT_21185090,180,5,26.71,23.9
NATAIMA_-_AUT_21185090,360,5,18.24,12.3
NATAIMA_-_AUT_21185090,10,10,160.1,175.8
NATAIMA_-_AUT_21185090,20,10,109.35,159.6
NATAIMA_-_AUT_21185090,30,10,87.49,143.0
NATAIMA_-_AUT_21185090,60,10,59.76,98.4
NATAIMA_-_AUT_21185090,120,10,40.82,61.9
NATAIMA_-_AUT_21185090,180,10,32.66,44.6
NATAIMA_-_AUT_21185090,360,10,22.31,23.2
NATAIMA_-_AUT_21185090,10,25,208.83,279.6
NATAIMA_-_AUT_21185090,20,25,142.63,273.9
NATAIMA_-_AUT_21185090,30,25,114.12,254.4
NATAIMA_-_AUT_21185090,60,25,77.95,181.7
NATAIMA_-_AUT_21185090,120,25,53.24,114.0
NATAIMA_-_AUT_21185090,180,25,42.6,82.6
NATAIMA_-_AUT_21185090,360,25,29.1,43.5
NATAIMA_-_AUT_21185090,10,50,255.32,368.4
NATAIMA_-_AUT_21185090,20,50,174.39,379.8
NATAIMA_-_AUT_21185090,30,50,139.53,361.4
NATAIMA_-_AUT_21185090,60,50,95.3,264.2
NATAIMA_-_AUT_21185090,120,50,65.09,164.7
NATAIMA_-_AUT_21185090,180,50,52.08,119.7
NATAIMA_-_AUT_21185090,360,50,35.57,63.6
NATAIMA_-_AUT_21185090,10,100,312.17,466.2
NATAIMA_-_AUT_21185090,20,100,213.22,502.5
NATAIMA_-_AUT_21185090,30,100,170.6,488.4
NATAIMA_-_AUT_21185090,60,100,116.52,364.6
NATAIMA_-_AUT_21185090,120,100,79.59,225.5
NATAIMA_-_AUT_21185090,180,100,63.68,164.2
NATAIMA_-_AUT_21185090,360,100,43.49,87.8
AEROPUERTO_LOS_GARZONES_13035501,10,2,127.58,88.2
AEROPUERTO_LOS_GARZONES_13035501,20,2,85.01,77.4
AEROPUERTO_LOS_GARZONES_13035501,30,2,66.54,62.4
AEROPUERTO_LOS_GARZONES_13035501,60,2,43.46,37.6
AEROPUERTO_LOS_GARZONES_13035501,120,2,28.24,20.6
AEROPUERTO_LOS_GARZONES_13035501,180,2,21.91,14.1
AEROPUERTO_LOS_GARZONES_13035501,360,2,14.19,7.6
AEROPUERTO_LOS_GARZONES_13035501,10,5,145.04,186.0
AEROPUERTO_LOS_GARZONES_13035501,20,5,96.64,152.7
AEROPUERTO_LOS_GARZONES_13035501,30,5,75.65,126.0
AEROPUERTO_LOS_GARZONES_13035501,60,5,49.41,81.6
AEROPUERTO_LOS_GARZONES_13035501,120,5,32.1,47.5
AEROPUERTO_LOS_GARZONES_13035501,180,5,24.91,32.4
AEROPUERTO_LOS_GARZONES_13035501,360,5,16.13,17.9
AEROPUERTO_LOS_GARZONES_13035501,10,10,159.82,271.2
AEROPUERTO_LOS_GARZONES_13035501,20,10,106.49,209.7
AEROPUERTO_LOS_GARZONES_13035501,30,10,83.36,177.2
AEROPUERTO_LOS_GARZONES_13035501,60,10,54.45,124.0
AEROPUERTO_LOS_GARZONES_13035501,120,10,35.37,74.5
AEROPUERTO_LOS_GARZONES_13035501,180,10,27.45,50.7
AEROPUERTO_LOS_GARZONES_13035501,360,10,17.77,28.6
AEROPUERTO_LOS_GARZONES_13035501,10,25,181.7,408.6
AEROPUERTO_LOS_GARZONES_13035501,20,25,121.07,291.0
AEROPUERTO_LOS_GARZONES_13035501,30,25,94.77,253.8
AEROPUERTO_LOS_GARZONES_13035501,60,25,61.9,199.4
AEROPUERTO_LOS_GARZONES_13035501,120,25,40.22,124.7
AEROPUERTO_LOS_GARZONES_13035501,180,25,31.21,84.2
AEROPUERTO_LOS_GARZONES_13035501,360,25,20.2,49.0
AEROPUERTO_LOS_GARZONES_13035501,10,50,200.22,538.8
AEROPUERTO_LOS_GARZONES_13035501,20,50,133.4,358.5
AEROPUERTO_LOS_GARZONES_13035501,30,50,104.43,321.0
AEROPUERTO_LOS_GARZONES_13035501,60,50,68.21,277.2
AEROPUERTO_LOS_GARZONES_13035501,120,50,44.31,178.7
AEROPUERTO_LOS_GARZONES_13035501,180,50,34.39,119.9
AEROPUERTO_LOS_GARZONES_13035501,360,50,22.26,71.5
AEROPUERTO_LOS_GARZONES_13035501,10,100,220.62,697.2
AEROPUERTO_LOS_GARZONES_13035501,20,100,147.0,432.6
AEROPUERTO_LOS_GARZONES_13035501,30,100,115.07,398.0
AEROPUERTO_LOS_GARZONES_13035501,60,100,75.16,379.5
AEROPUERTO_LOS_GARZONES_13035501,120,100,48.83,252.2
AEROPUERTO_LOS_GARZONES_13035501,180,100,37.89,168.2
AEROPUERTO_LOS_GARZONES_13035501,360,100,24.53,102.8
ARRANCAPLUMAS_-_AUT_21237020,10,2,108.43,124.8
ARRANCAPLUMAS_-_AUT_21237020,20,2,76.6,105.0
ARRANCAPLUMAS_-_AUT_21237020,30,2,61.65,88.0
ARRANCAPLUMAS_-_AUT_21237020,60,2,41.9,58.3
ARRANCAPLUMAS_-_AUT_21237020,120,2,28.17,34.1
ARRANCAPLUMAS_-_AUT_21237020,180,2,22.26,23.9
ARRANCAPLUMAS_-_AUT_21237020,360,2,14.85,12.9
ARRANCAPLUMAS_-_AUT_21237020,10,5,133.86,142.2
ARRANCAPLUMAS_-_AUT_21237020,20,5,94.57,123.9
ARRANCAPLUMAS_-_AUT_21237020,30,5,76.11,106.4
ARRANCAPLUMAS_-_AUT_21237020,60,5,51.73,70.8
ARRANCAPLUMAS_-_AUT_21237020,120,5,34.78,41.7
ARRANCAPLUMAS_-_AUT_21237020,180,5,27.49,30.3
ARRANCAPLUMAS_-_AUT_21237020,360,5,18.33,17.2
ARRANCAPLUMAS_-_AUT_21237020,10,10,157.0,153.0
ARRANCAPLUMAS_-_AUT_21237020,20,10,110.92,136.2
ARRANCAPLUMAS_-_AUT_21237020,30,10,89.26,118.8
ARRANCAPLUMAS_-_AUT_21237020,60,10,60.67,79.0
ARRANCAPLUMAS_-_AUT_21237020,120,10,40.79,46.7
ARRANCAPLUMAS_-_AUT_21237020,180,10,32.24,34.5
ARRANCAPLUMAS_-_AUT_21237020,360,10,21.5,20.0
ARRANCAPLUMAS_-_AUT_21237020,10,25,193.83,167.4
ARRANCAPLUMAS_-_AUT_21237020,20,25,136.94,152.1
ARRANCAPLUMAS_-_AUT_21237020,30,25,110.21,134.4
ARRANCAPLUMAS_-_AUT_21237020,60,25,74.91,89.4
ARRANCAPLUMAS_-_AUT_21237020,120,25,50.36,53.0
ARRANCAPLUMAS_-_AUT_21237020,180,25,39.8,39.8
ARRANCAPLUMAS_-_AUT_21237020,360,25,26.55,23.6
ARRANCAPLUMAS_-_AUT_21237020,10,50,227.33,177.6
ARRANCAPLUMAS_-_AUT_21237020,20,50,160.61,163.5
ARRANCAPLUMAS_-_AUT_21237020,30,50,129.25,145.8
ARRANCAPLUMAS_-_AUT_21237020,60,50,87.86,97.1
ARRANCAPLUMAS_-_AUT_21237020,120,50,59.06,57.8
ARRANCAPLUMAS_-_AUT_21237020,180,50,46.68,43.8
ARRANCAPLUMAS_-_AUT_21237020,360,50,31.13,26.2
ARRANCAPLUMAS_-_AUT_21237020,10,100,266.62,187.8
ARRANCAPLUMAS_-_AUT_21237020,20,100,188.37,175.2
ARRANCAPLUMAS_-_AUT_21237020,30,100,151.59,157.4
ARRANCAPLUMAS_-_AUT_21237020,60,100,103.04,104.8
ARRANCAPLUMAS_-_AUT_21237020,120,100,69.27,62.4
ARRANCAPLUMAS_-_AUT_21237020,180,100,54.75,47.7
ARRANCAPLUMAS_-_AUT_21237020,360,100,36.52,28.8
LA_PAULINA_-_AUT_15065040,10,2,169.74,67.2
LA_PAULINA_-_AUT_15065040,20,2,108.92,46.5
LA_PAULINA_-_AUT_15065040,30,2,84.03,35.2
LA_PAULINA_-_AUT_15065040,60,2,53.92,21.3
LA_PAULINA_-_AUT_15065040,120,2,34.6,11.7
LA_PAULINA_-_AUT_15065040,180,2,26.69,8.0
LA_PAULINA_-_AUT_15065040,360,2,17.13,4.0
LA_PAULINA_-_AUT_15065040,10,5,184.33,175.2
LA_PAULINA_-_AUT_15065040,20,5,118.29,132.3
LA_PAULINA_-_AUT_15065040,30,5,91.25,110.6
LA_PAULINA_-_AUT_15065040,60,5,58.56,76.6
LA_PAULINA_-_AUT_15065040,120,5,37.58,47.0
LA_PAULINA_-_AUT_15065040,180,5,28.99,32.8
LA_PAULINA_-_AUT_15065040,360,5,18.6,17.3
LA_PAULINA_-_AUT_15065040,10,10,196.19,250.8
LA_PAULINA_-_AUT_15065040,20,10,125.9,194.7
LA_PAULINA_-_AUT_15065040,30,10,97.12,171.8
LA_PAULINA_-_AUT_15065040,60,10,62.33,127.6
LA_PAULINA_-_AUT_15065040,120,10,40.0,83.5
LA_PAULINA_-_AUT_15065040,180,10,30.85,59.1
LA_PAULINA_-_AUT_15065040,360,10,19.8,32.1
LA_PAULINA_-_AUT_15065040,10,25,213.06,336.0
LA_PAULINA_-_AUT_15065040,20,25,136.72,265.8
LA_PAULINA_-_AUT_15065040,30,25,105.47,248.4
LA_PAULINA_-_AUT_15065040,60,25,67.68,197.9
LA_PAULINA_-_AUT_15065040,120,25,43.43,138.9
LA_PAULINA_-_AUT_15065040,180,25,33.51,100.3
LA_PAULINA_-_AUT_15065040,360,25,21.5,55.9
LA_PAULINA_-_AUT_15065040,10,50,226.77,388.2
LA_PAULINA_-_AUT_15065040,20,50,145.52,309.6
LA_PAULINA_-_AUT_15065040,30,50,112.26,299.4
LA_PAULINA_-_AUT_15065040,60,50,72.04,249.4
LA_PAULINA_-_AUT_15065040,120,50,46.23,183.2
LA_PAULINA_-_AUT_15065040,180,50,35.66,134.0
LA_PAULINA_-_AUT_15065040,360,50,22.89,76.0
LA_PAULINA_-_AUT_15065040,10,100,241.37,430.8
LA_PAULINA_-_AUT_15065040,20,100,154.89,345.0
LA_PAULINA_-_AUT_15065040,30,100,119.49,344.0
LA_PAULINA_-_AUT_15065040,60,100,76.68,297.4
LA_PAULINA_-_AUT_15065040,120,100,49.2,227.7
LA_PAULINA_-_AUT_15065040,180,100,37.96,168.4
LA_PAULINA_-_AUT_15065040,360,100,24.36,97.2
ALCALDIA_DE_HERRAN_-_AUT_16015130,10,2,48.97,59.4
ALCALDIA_DE_HERRAN_-_AUT_16015130,20,2,35.55,49.8
ALCALDIA_DE_HERRAN_-_AUT_16015130,30,2,29.25,40.2
ALCALDIA_DE_HERRAN_-_AUT_16015130,60,2,20.79,26.0
ALCALDIA_DE_HERRAN_-_AUT_16015130,120,2,14.68,14.9
ALCALDIA_DE_HERRAN_-_AUT_16015130,180,2,11.97,10.5
ALCALDIA_DE_HERRAN_-_AUT_16015130,360,2,8.42,5.9
ALCALDIA_DE_HERRAN_-_AUT_16015130,10,5,62.71,77.4
ALCALDIA_DE_HERRAN_-_AUT_16015130,20,5,45.53,68.4
ALCALDIA_DE_HERRAN_-_AUT_16015130,30,5,37.46,56.4
ALCALDIA_DE_HERRAN_-_AUT_16015130,60,5,26.62,36.7
ALCALDIA_DE_HERRAN_-_AUT_16015130,120,5,18.81,19.6
ALCALDIA_DE_HERRAN_-_AUT_16015130,180,5,15.32,13.6
ALCALDIA_DE_HERRAN_-_AUT_16015130,360,5,10.78,8.0
ALCALDIA_DE_HERRAN_-_AUT_16015130,10,10,75.62,90.0
ALCALDIA_DE_HERRAN_-_AUT_16015130,20,10,54.9,80.7
ALCALDIA_DE_HERRAN_-_AUT_16015130,30,10,45.17,67.0
ALCALDIA_DE_HERRAN_-_AUT_16015130,60,10,32.1,43.7
ALCALDIA_DE_HERRAN_-_AUT_16015130,120,10,22.68,22.6
ALCALDIA_DE_HERRAN_-_AUT_16015130,180,10,18.48,15.6
ALCALDIA_DE_HERRAN_-_AUT_16015130,360,10,13.0,9.3
ALCALDIA_DE_HERRAN_-_AUT_16015130,10,25,96.85,105.6
ALCALDIA_DE_HERRAN_-_AUT_16015130,20,25,70.32,96.0
ALCALDIA_DE_HERRAN_-_AUT_16015130,30,25,57.85,80.6
ALCALDIA_DE_HERRAN_-_AUT_16015130,60,25,41.11,52.6
ALCALDIA_DE_HERRAN_-_AUT_16015130,120,25,29.04,26.5
ALCALDIA_DE_HERRAN_-_AUT_16015130,180,25,23.67,18.2
ALCALDIA_DE_HERRAN_-_AUT_16015130,360,25,16.65,11.0
ALCALDIA_DE_HERRAN_-_AUT_16015130,10,50,116.78,117.0
ALCALDIA_DE_HERRAN_-_AUT_16015130,20,50,84.79,107.4
ALCALDIA_DE_HERRAN_-_AUT_16015130,30,50,69.75,90.6
ALCALDIA_DE_HERRAN_-_AUT_16015130,60,50,49.57,59.2
ALCALDIA_DE_HERRAN_-_AUT_16015130,120,50,35.02,29.4
ALCALDIA_DE_HERRAN_-_AUT_16015130,180,50,28.54,20.2
ALCALDIA_DE_HERRAN_-_AUT_16015130,360,50,20.08,12.3
ALCALDIA_DE_HERRAN_-_AUT_16015130,10,100,140.81,128.4
ALCALDIA_DE_HERRAN_-_AUT_16015130,20,100,102.24,118.8
ALCALDIA_DE_HERRAN_-_AUT_16015130,30,100,84.11,100.4
ALCALDIA_DE_HERRAN_-_AUT_16015130,60,100,59.77,65.7
ALCALDIA_DE_HERRAN_-_AUT_16015130,120,100,42.23,32.2
ALCALDIA_DE_HERRAN_-_AUT_16015130,180,100,34.41,22.1
ALCALDIA_DE_HERRAN_-_AUT_16015130,360,100,24.21,13.6
BATALLON_ROOKE_-_AUT_21215180,10,2,91.3,82.2
BATALLON_ROOKE_-_AUT_21215180,20,2,62.36,70.5
BATALLON_ROOKE_-_AUT_21215180,30,2,49.9,61.2
BATALLON_ROOKE_-_AUT_21215180,60,2,34.08,41.2
BATALLON_ROOKE_-_AUT_21215180,120,2,23.28,24.6
BATALLON_ROOKE_-_AUT_21215180,180,2,18.62,17.5
BATALLON_ROOKE_-_AUT_21215180,360,2,12.72,9.3
BATALLON_ROOKE_-_AUT_21215180,10,5,112.72,99.6
BATALLON_ROOKE_-_AUT_21215180,20,5,76.99,86.7
BATALLON_ROOKE_-_AUT_21215180,30,5,61.6,76.4
BATALLON_ROOKE_-_AUT_21215180,60,5,42.08,52.9
BATALLON_ROOKE_-_AUT_21215180,120,5,28.74,32.6
BATALLON_ROOKE_-_AUT_21215180,180,5,22.99,24.4
BATALLON_ROOKE_-_AUT_21215180,360,5,15.71,12.7
BATALLON_ROOKE_-_AUT_21215180,10,10,132.21,111.0
BATALLON_ROOKE_-_AUT_21215180,20,10,90.3,97.2
BATALLON_ROOKE_-_AUT_21215180,30,10,72.25,86.6
BATALLON_ROOKE_-_AUT_21215180,60,10,49.35,60.7
BATALLON_ROOKE_-_AUT_21215180,120,10,33.71,38.0
BATALLON_ROOKE_-_AUT_21215180,180,10,26.97,28.9
BATALLON_ROOKE_-_AUT_21215180,360,10,18.42,15.0
BATALLON_ROOKE_-_AUT_21215180,10,25,163.22,125.4
BATALLON_ROOKE_-_AUT_21215180,20,25,111.48,110.7
BATALLON_ROOKE_-_AUT_21215180,30,25,89.2,99.2
BATALLON_ROOKE_-_AUT_21215180,60,25,60.93,70.5
BATALLON_ROOKE_-_AUT_21215180,120,25,41.61,44.6
BATALLON_ROOKE_-_AUT_21215180,180,25,33.3,34.6
BATALLON_ROOKE_-_AUT_21215180,360,25,22.74,17.9
BATALLON_ROOKE_-_AUT_21215180,10,50,191.43,135.6
BATALLON_ROOKE_-_AUT_21215180,20,50,130.75,120.6
BATALLON_ROOKE_-_AUT_21215180,30,50,104.62,108.6
BATALLON_ROOKE_-_AUT_21215180,60,50,71.46,77.8
BATALLON_ROOKE_-_AUT_21215180,120,50,48.81,49.6
BATALLON_ROOKE_-_AUT_21215180,180,50,39.05,38.8
BATALLON_ROOKE_-_AUT_21215180,360,50,26.67,20.1
BATALLON_ROOKE_-_AUT_21215180,10,100,224.52,146.4
BATALLON_ROOKE_-_AUT_21215180,20,100,153.35,130.5
BATALLON_ROOKE_-_AUT_21215180,30,100,122.7,118.0
BATALLON_ROOKE_-_AUT_21215180,60,100,83.81,85.0
BATALLON_ROOKE_-_AUT_21215180,120,100,57.24,54.6
BATALLON_ROOKE_-_AUT_21215180,180,100,45.8,43.0
BATALLON_ROOKE_-_AUT_21215180,360,100,31.28,22.2
